releve_nr,species,cover_perc
1,Acer campestre,20.4
1,Acer platanoides,0.1
1,Anemone,0.5
1,Bromus ramosus agg.,0.1
1,Carex digitata,3
1,Carex michelii,0.1
1,Carex montana,0.5
1,Carpinus betulus,0.5
1,Cephalanthera damasonium,0.1
1,Convallaria majalis,4
1,Cornus mas,10
1,Corylus avellana,0.1
1,Crataegus laevigata,0.5
1,Crataegus monogyna s.lat.,0.5
1,Euonymus verrucosus,3
1,Fragaria moschata,0.1
1,Fraxinus excelsior,0.5
1,Galium sylvaticum,3
1,Geranium robertianum,0.1
1,Geum urbanum,0.5
1,Hepatica nobilis,3
1,Hieracium lachenalii,0.5
1,Hieracium murorum,0.5
1,Ligustrum vulgare,0.5
1,Lonicera xylosteum,3
1,Maianthemum bifolium,0.1
1,Melica nutans,0.5
1,Platanthera bifolia,0.1
1,Poa nemoralis,0.5
1,Polygonatum odoratum,0.5
1,Primula veris,0.1
1,Prunus avium,0.1
1,Pulmonaria mollis,0.1
1,Quercus petraea agg.,64
1,Rhamnus cathartica,0.1
1,Rosa,0.1
1,Rubus fruticosus agg.,0.5
1,Sanicula europaea,0.1
1,Vincetoxicum hirundinaria,0.1
1,Viola hirta,0.1
1,Viola mirabilis,0.5
1,Viola reichenbachiana,3
2,Carex digitata,0.5
2,Carpinus betulus,3
2,Cytisus nigricans,0.1
2,Festuca ovina,3
2,Fraxinus excelsior,0.1
2,Galium rotundifolium,0.1
2,Hieracium lachenalii,3
2,Hieracium murorum,0.5
2,Hieracium sabaudum s.lat.,0.1
2,Hypericum perforatum,0.1
2,Luzula luzuloides,20
2,Melampyrum pratense,0.5
2,Melica uniflora,0.5
2,Poa nemoralis,3
2,Quercus petraea agg.,66.25
2,Veronica officinalis,0.1
3,Campanula persicifolia,0.1
3,Convallaria majalis,3
3,Festuca ovina,4
3,Galium odoratum,0.5
3,Galium pumilum agg.,0.5
3,Galium rotundifolium,0.5
3,Hieracium lachenalii,0.5
3,Hieracium murorum,3
3,Luzula luzuloides,3
3,Melampyrum pratense,4
3,Melica uniflora,0.5
3,Poa nemoralis,4
3,Quercus petraea agg.,64
3,Senecio nemorensis agg.,0.1
3,Veronica chamaedrys agg.,0.1
4,Anthericum ramosum,3
4,Carpinus betulus,20.4
4,Cytisus nigricans,0.1
4,Dryopteris filix-mas,0.1
4,Fagus sylvatica,0.1
4,Festuca ovina,0.1
4,Fraxinus excelsior,0.5
4,Genista tinctoria,0.1
4,Hieracium lachenalii,0.5
4,Hieracium murorum,3
4,Hieracium sabaudum s.lat.,0.5
4,Hylotelephium telephium agg.,0.1
4,Hypericum montanum,0.1
4,Impatiens parviflora,0.1
4,Melittis melissophyllum,0.1
4,Poa nemoralis,4
4,Prunus avium,0.5
4,Quercus petraea agg.,43.75
4,Veronica officinalis,0.1
4,Vincetoxicum hirundinaria,0.5
5,Agrostis capillaris,4
5,Ajuga genevensis,0.5
5,Calamagrostis arundinacea,0.5
5,Carex humilis,0.5
5,Fallopia dumetorum,0.1
5,Festuca ovina,4
5,Hieracium lachenalii,0.5
5,Hypericum perforatum,0.1
5,Luzula luzuloides,3
5,Melittis melissophyllum,0.1
5,Poa nemoralis,20
5,Polygonatum odoratum,0.5
5,Quercus petraea agg.,63.625
5,Vincetoxicum hirundinaria,0.1
6,Ajuga genevensis,0.5
6,Alliaria petiolata,3
6,Allium oleraceum,0.1
6,Carex muricata agg.,0.5
6,Fallopia dumetorum,4
6,Galium pumilum agg.,0.1
6,Glechoma hederacea,3
6,Hypericum perforatum,0.1
6,Lapsana communis,3
6,Ligustrum vulgare,0.9975
6,Moehringia trinervia,0.5
6,Myosotis sylvatica,0.5
6,Poa nemoralis,37.5
6,Polygonatum odoratum,0.5
6,Quercus petraea agg.,40
6,Rosa,0.5995
6,Urtica dioica,0.1
6,Vincetoxicum hirundinaria,4
6,Viola collina,3
7,Agrostis capillaris,0.5
7,Ajuga genevensis,0.1
7,Alliaria petiolata,0.1
7,Calamagrostis epigejos,0.1
7,Carex michelii,0.5
7,Carex muricata agg.,0.1
7,Crataegus monogyna s.lat.,0.5
7,Fallopia dumetorum,3
7,Festuca ovina,3
7,Hypericum perforatum,0.5
7,Ligustrum vulgare,0.5
7,Moehringia trinervia,0.5
7,Poa nemoralis,37.5
7,Poa pratensis agg.,0.1
7,Quercus petraea agg.,66.25
7,Rosa,0.5
7,Rubus fruticosus agg.,0.5
7,Tilia platyphyllos,0.1
7,Veronica chamaedrys agg.,0.5
7,Vincetoxicum hirundinaria,3
7,Viola collina,0.5
7,Viola reichenbachiana,3
8,Agrostis capillaris,0.5
8,Calamagrostis arundinacea,37.5
8,Carex michelii,4
8,Carex montana,10
8,Carex muricata agg.,0.5
8,Convallaria majalis,0.5
8,Festuca heterophylla,3
8,Festuca ovina,3
8,Fragaria moschata,0.5
8,Galium mollugo agg.,0.5
8,Galium odoratum,3
8,Galium pumilum agg.,0.5
8,Lathyrus vernus,0.5
8,Luzula luzuloides,0.5
8,Melica nutans,3
8,Poa nemoralis,20
8,Poa pratensis agg.,3
8,Quercus petraea agg.,40
8,Scrophularia nodosa,0.1
8,Tilia cordata,37.5
8,Veronica officinalis,0.5
8,Vicia sepium,0.1
8,Viola reichenbachiana,0.5
9,Acer campestre,0.9975
9,Acer platanoides,3.485
9,Asplenium trichomanes,0.5
9,Brachypodium pinnatum,0.1
9,Campanula persicifolia,0.5
9,Carpinus betulus,28.36
9,Euonymus verrucosus,3
9,Festuca ovina,0.5
9,Galium pumilum agg.,0.5
9,Hieracium murorum,4
9,Hieracium sabaudum s.lat.,0.5
9,Hylotelephium telephium agg.,3
9,Lonicera xylosteum,0.5
9,Luzula luzuloides,4
9,Poa nemoralis,4
9,Polypodium vulgare agg.,3
9,Quercus petraea agg.,41.19375
9,Stellaria holostea,3
9,Tanacetum corymbosum,3
9,Tilia cordata,3
9,Veronica chamaedrys agg.,0.5
9,Vincetoxicum hirundinaria,0.5
10,Campanula persicifolia,0.1
10,Carex humilis,3
10,Carex michelii,0.1
10,Crataegus monogyna s.lat.,0.1
10,Digitalis grandiflora,0.1
10,Euonymus verrucosus,3
10,Euphorbia cyparissias,0.5
10,Festuca ovina,0.5
10,Genista tinctoria,3
10,Hypericum perforatum,0.5
10,Poa nemoralis,37.5
10,Quercus petraea agg.,76.5625
10,Rosa,0.1
10,Tanacetum corymbosum,0.5
10,Trifolium alpestre,0.5
10,Verbascum chaixii subsp. austriacum,0.5
10,Vincetoxicum hirundinaria,10
10,Viscaria vulgaris,0.1
11,Acer platanoides,0.1
11,Anthericum ramosum,0.5
11,Carpinus betulus,44.03125
11,Digitalis grandiflora,0.5
11,Festuca ovina,0.5
11,Hieracium sabaudum s.lat.,0.1
11,Hypericum perforatum,0.1
11,Luzula luzuloides,4
11,Mycelis muralis,0.1
11,Poa nemoralis,3
11,Polygonatum odoratum,0.5
11,Polypodium vulgare agg.,0.1
11,Quercus petraea agg.,62.6875
11,Tilia cordata,0.5
11,Vincetoxicum hirundinaria,0.5
11,Viscaria vulgaris,3
14,Arabidopsis arenosa,0.5
14,Calamagrostis arundinacea,3
14,Campanula persicifolia,3
14,Campanula rotundifolia agg.,0.5
14,Carex digitata,0.1
14,Carpinus betulus,10.09
14,Convallaria majalis,0.5
14,Epilobium montanum,0.5
14,Festuca ovina,0.1
14,Fragaria vesca,0.5
14,Galium pumilum agg.,0.5
14,Galium sylvaticum,3
14,Geranium robertianum,0.5
14,Hepatica nobilis,0.1
14,Hieracium lachenalii,0.5
14,Hieracium murorum,4
14,Hieracium sabaudum s.lat.,0.5
14,Hylotelephium telephium agg.,3
14,Impatiens parviflora,4
14,Lathyrus vernus,0.1
14,Luzula luzuloides,10
14,Mycelis muralis,0.5
14,Pinus sylvestris,10
14,Poa nemoralis,10
14,Polygonatum odoratum,0.1
14,Polypodium vulgare agg.,0.5
14,Primula veris,4
14,Quercus petraea agg.,37.8125
14,Senecio nemorensis agg.,0.5
14,Stellaria holostea,3
14,Tanacetum corymbosum,0.5
14,Tilia cordata,10.09
14,Veronica chamaedrys agg.,0.5
14,Veronica officinalis,0.1
16,Acer platanoides,0.1
16,Arabidopsis arenosa,0.1
16,Asplenium trichomanes,0.1
16,Astragalus glycyphyllos,0.5
16,Campanula persicifolia,3
16,Carex digitata,3
16,Carpinus betulus,13.6
16,Digitalis grandiflora,0.1
16,Festuca ovina,4
16,Fragaria moschata,0.1
16,Galium mollugo agg.,0.5
16,Galium odoratum,3
16,Genista germanica,0.5
16,Hieracium lachenalii,4
16,Hieracium murorum,4
16,Hieracium sabaudum s.lat.,0.5
16,Hylotelephium telephium agg.,0.5
16,Luzula luzuloides,20
16,Melampyrum pratense,0.5
16,Melica nutans,0.5
16,Myosotis sylvatica,0.5
16,Poa nemoralis,4
16,Polypodium vulgare agg.,0.5
16,Prunus,0.5
16,Quercus petraea agg.,70
16,Rosa,0.5
16,Rubus fruticosus agg.,0.5
16,Silene nutans,4
16,Sorbus aucuparia,0.5
16,Tilia platyphyllos,0.5
16,Viscaria vulgaris,3
18,Alliaria petiolata,0.1
18,Asarum europaeum,3
18,Campanula rapunculoides,0.1
18,Carpinus betulus,0.5
18,Convallaria majalis,0.5
18,Crataegus monogyna s.lat.,0.5
18,Cyclamen purpurascens,3
18,Euonymus verrucosus,0.5
18,Galium aparine,3
18,Hedera helix,4
18,Impatiens parviflora,3
18,Lathyrus vernus,0.1
18,Melica uniflora,62.5
18,Myosotis sylvatica,0.1
18,Poa nemoralis,3
18,Polygonatum odoratum,0.5
18,Quercus petraea agg.,66.25
28,Calamagrostis arundinacea,4
28,Campanula persicifolia,3
28,Carex digitata,3
28,Carex montana,3
28,Clinopodium vulgare,0.5
28,Festuca ovina,0.5
28,Melampyrum pratense,0.5
28,Melica uniflora,3
28,Poa nemoralis,37.5
28,Poa pratensis agg.,0.5
28,Quercus petraea agg.,63.625
28,Veronica officinalis,3
29,Carex pilulifera,0.1
29,Carpinus betulus,10.45
29,Festuca ovina,0.5
29,Melica uniflora,4
29,Poa nemoralis,20
29,Quercus petraea agg.,64
29,Veronica officinalis,0.1
31,Avenella flexuosa,10
31,Carpinus betulus,10
31,Festuca ovina,4
31,Loranthus europaeus,0.1
31,Melampyrum pratense,3
31,Picea abies,0.1
31,Poa nemoralis,0.5
31,Quercus petraea agg.,63.625
31,Tilia cordata,13.6
32,Acer pseudoplatanus,3
32,Agrostis capillaris,0.5
32,Ajuga reptans,0.1
32,Calamagrostis epigejos,0.5
32,Campanula persicifolia,0.5
32,Carex digitata,4
32,Carex pallescens,0.5
32,Carex pilulifera,0.5
32,Carpinus betulus,7.84
32,Deschampsia cespitosa,0.5
32,Dryopteris dilatata,0.5
32,Euphorbia cyparissias,3
32,Festuca ovina,3
32,Fraxinus excelsior,0.5
32,Galeobdolon luteum agg.,3
32,Hieracium murorum,0.1
32,Hieracium sabaudum s.lat.,0.5
32,Hypericum perforatum,0.5
32,Knautia drymeia,0.5
32,Luzula luzuloides,3
32,Luzula pilosa,0.5
32,Maianthemum bifolium,3
32,Melampyrum pratense,4
32,Melica nutans,10
32,Pinus sylvestris,10
32,Poa nemoralis,20
32,Quercus petraea agg.,22.4
32,Quercus robur,40
32,Rubus fruticosus agg.,0.1
32,Senecio nemorensis agg.,0.5
32,Sorbus aucuparia,0.1
32,Tilia cordata,3
32,Veronica chamaedrys agg.,0.1
32,Viola reichenbachiana,0.5
36,Calamagrostis arundinacea,0.5
36,Carex digitata,3
36,Carpinus betulus,10.45
36,Fraxinus excelsior,0.1
36,Galium rotundifolium,0.1
36,Luzula luzuloides,3
36,Maianthemum bifolium,0.1
36,Melica nutans,0.5
36,Milium effusum,0.5
36,Quercus petraea agg.,64
36,Stellaria holostea,0.5
36,Tilia cordata,0.1
41,Calamagrostis arundinacea,0.1
41,Carpinus betulus,0.5
41,Galium odoratum,4
41,Hieracium murorum,0.5
41,Hypericum perforatum,0.1
41,Lathyrus vernus,0.5
41,Loranthus europaeus,0.5
41,Luzula luzuloides,0.5
41,Melampyrum pratense,3
41,Poa nemoralis,20
41,Quercus petraea agg.,76.5625
41,Stellaria holostea,4
41,Tilia cordata,3.485
41,Veronica chamaedrys agg.,0.5
42,Acer campestre,0.5
42,Campanula persicifolia,0.5
42,Carpinus betulus,13.1365
42,Digitalis grandiflora,3
42,Fagus sylvatica,0.5
42,Festuca ovina,3
42,Fraxinus excelsior,0.5
42,Genista tinctoria,0.5
42,Hieracium lachenalii,3
42,Hieracium murorum,4
42,Loranthus europaeus,0.5
42,Luzula luzuloides,10
42,Melampyrum pratense,0.5
42,Picea abies,0.1
42,Pinus sylvestris,4
42,Poa nemoralis,0.5
42,Quercus petraea agg.,40
42,Silene nutans,0.1
43,Acer platanoides,0.1
43,Ajuga reptans,3
43,Asarum europaeum,4
43,Carex digitata,3
43,Carex pilosa,20
43,Carpinus betulus,16.192
43,Convallaria majalis,4
43,Dactylis polygama,0.5
43,Euphorbia amygdaloides,0.1
43,Galium odoratum,4
43,Galium sylvaticum,0.1
43,Hieracium murorum,0.5
43,Lathyrus niger,3
43,Lathyrus vernus,0.5
43,Luzula luzuloides,3
43,Melica uniflora,10
43,Orobanche,0.1
43,Poa nemoralis,0.5
43,Polygonatum odoratum,0.5
43,Pulmonaria officinalis agg.,0.1
43,Quercus petraea agg.,70
43,Rosa,0.1
43,Stellaria holostea,4
43,Tilia cordata,7.84
43,Tilia platyphyllos,4
44,Allium senescens subsp. montanum,0.1
44,Anthericum ramosum,4
44,Calluna vulgaris,0.5
44,Carex montana,0.5
44,Cytisus nigricans,0.5
44,Digitalis grandiflora,0.5
44,Festuca ovina,37.5
44,Galium pumilum agg.,0.1
44,Genista germanica,0.5
44,Genista tinctoria,0.5
44,Hieracium lachenalii,0.5
44,Hieracium maculatum,3
44,Hieracium murorum,3
44,Hieracium sabaudum s.lat.,0.5
44,Luzula campestris agg.,0.5
44,Melampyrum pratense,0.5
44,Poa nemoralis,0.5
44,Polygonatum odoratum,3
44,Quercus petraea agg.,64
44,Rubus fruticosus agg.,0.1
44,Silene nutans,3
44,Veronica officinalis,0.5
44,Vincetoxicum hirundinaria,3
44,Viscaria vulgaris,4
47,Acer platanoides,0.1
47,Carex digitata,4
47,Euonymus verrucosus,0.1
47,Festuca ovina,3
47,Frangula alnus,0.5
47,Fraxinus excelsior,0.5
47,Genista germanica,0.1
47,Genista tinctoria,0.1
47,Hieracium lachenalii,0.5
47,Hieracium murorum,3
47,Hieracium sabaudum s.lat.,0.5
47,Lathyrus niger,3
47,Loranthus europaeus,0.5
47,Poa nemoralis,10
47,Prunus avium,0.1
47,Quercus petraea agg.,88.75
47,Rosa,0.1
81,Achillea millefolium agg.,0.5
81,Ajuga genevensis,3
81,Allium flavum,3
81,Arabidopsis thaliana,0.5
81,Asplenium septentrionale,0.5
81,Carex humilis,4
81,Carex praecox,0.5
81,Carpinus betulus,0.1
81,Euphorbia cyparissias,0.5
81,Festuca ovina,20
81,Galeopsis,0.1
81,Galium aparine,0.1
81,Galium pumilum agg.,0.5
81,Genista pilosa,0.5
81,Genista tinctoria,0.1
81,Hieracium murorum,0.5
81,Hylotelephium telephium agg.,0.1
81,Hypericum perforatum,0.5
81,Koeleria macrantha,0.5
81,Luzula campestris agg.,0.1
81,Melica nutans,0.5
81,Myosotis ramosissima,0.5
81,Myosotis sylvatica,3
81,Pilosella officinarum,3
81,Poa nemoralis,3
81,Polypodium vulgare agg.,0.1
81,Quercus petraea agg.,39.375
81,Rosa,0.1
81,Scleranthus perennis,3
81,Sedum rupestre agg.,0.1
81,Senecio viscosus,3
81,Thymus pulegioides,3
81,Trifolium arvense,3
81,Verbascum chaixii subsp. austriacum,3
81,Veronica dillenii,0.5
81,Veronica officinalis,0.1
81,Viscaria vulgaris,4
82,Acer pseudoplatanus,0.1
82,Achillea millefolium agg.,0.1
82,Alliaria petiolata,0.1
82,Anthericum ramosum,3
82,Campanula persicifolia,0.5
82,Cardamine impatiens,0.1
82,Carex humilis,4
82,Carpinus betulus,0.5
82,Clinopodium vulgare,0.1
82,Dactylis polygama,4
82,Epilobium,0.1
82,Euphorbia cyparissias,0.5
82,Fallopia convolvulus,0.1
82,Festuca ovina,4
82,Fraxinus excelsior,0.1
82,Galium aparine,0.1
82,Galium mollugo agg.,0.1
82,Genista tinctoria,0.1
82,Hieracium murorum,3
82,Hieracium sabaudum s.lat.,3
82,Hieracium schmidtii,3
82,Hylotelephium telephium agg.,0.5
82,Lapsana communis,0.1
82,Ligustrum vulgare,5.91
82,Luzula campestris agg.,0.1
82,Myosotis sylvatica,0.5
82,Poa nemoralis,4
82,Polygonatum multiflorum,0.1
82,Prunus avium,0.1
82,Quercus petraea agg.,64
82,Rosa,0.1
82,Silene nutans,4
82,Sorbus torminalis,3.097
82,Stellaria holostea,3
82,Tanacetum corymbosum,3
82,Trifolium alpestre,0.5
82,Verbascum chaixii subsp. austriacum,0.5
82,Veronica chamaedrys agg.,0.5
82,Vincetoxicum hirundinaria,3
83,Acer platanoides,0.5
83,Acer pseudoplatanus,3
83,Calamagrostis arundinacea,3
83,Carpinus betulus,20.4
83,Convallaria majalis,10
83,Cyclamen purpurascens,0.5
83,Fagus sylvatica,0.5
83,Hieracium sabaudum s.lat.,0.1
83,Impatiens parviflora,0.1
83,Luzula luzuloides,37.5
83,Poa nemoralis,0.5
83,Quercus petraea agg.,63.625
83,Sorbus torminalis,0.1
83,Stellaria holostea,4
83,Vaccinium myrtillus,3
86,Acer campestre,0.1
86,Acer platanoides,0.1
86,Ajuga genevensis,0.5
86,Alliaria petiolata,0.1
86,Asarum europaeum,0.5
86,Brachypodium sylvaticum,3
86,Calamagrostis arundinacea,3
86,Calamagrostis epigejos,0.1
86,Carex muricata agg.,3
86,Carex pallescens,3
86,Carpinus betulus,0.5
86,Chaerophyllum temulum,0.1
86,Chenopodium album agg.,0.1
86,Chenopodium polyspermum,0.1
86,Cyclamen purpurascens,0.5
86,Dactylis polygama,4
86,Euphorbia cyparissias,0.5
86,Fallopia convolvulus,0.5
86,Fragaria moschata,3
86,Galeopsis tetrahit agg.,3
86,Galium odoratum,3
86,Hieracium murorum,0.5
86,Hypericum perforatum,0.5
86,Impatiens parviflora,0.5
86,Luzula campestris agg.,0.1
86,Melica uniflora,4
86,Moehringia trinervia,0.5
86,Mycelis muralis,0.1
86,Poa nemoralis,37.5
86,Polygonatum multiflorum,0.5
86,Quercus petraea agg.,88.36
86,Scrophularia nodosa,0.1
86,Senecio nemorensis agg.,0.5
86,Sorbus torminalis,0.1
86,Symphytum tuberosum s.lat.,0.5
86,Tilia cordata,4
86,Veronica officinalis,0.5
86,Viola reichenbachiana,3
87,Acer campestre,0.5
87,Acer pseudoplatanus,0.1
87,Alliaria petiolata,4
87,Campanula persicifolia,0.5
87,Campanula rapunculoides,0.1
87,Carex digitata,0.1
87,Carex muricata agg.,0.1
87,Carpinus betulus,3.485
87,Chaerophyllum temulum,0.1
87,Clinopodium vulgare,0.5
87,Cornus mas,4.48
87,Crataegus laevigata,4
87,Cyclamen purpurascens,3
87,Dactylis polygama,4
87,Epilobium montanum,0.1
87,Euonymus verrucosus,3
87,Euphorbia cyparissias,0.5
87,Euphorbia dulcis,0.1
87,Fallopia convolvulus,0.5
87,Fragaria moschata,0.1
87,Geranium robertianum,0.5
87,Hieracium murorum,0.5
87,Hylotelephium telephium agg.,0.5
87,Hypericum perforatum,0.1
87,Impatiens parviflora,0.5
87,Lapsana communis,4
87,Lathyrus niger,0.5
87,Ligustrum vulgare,3
87,Luzula luzuloides,0.5
87,Melica uniflora,10
87,Myosotis sylvatica,3
87,Poa nemoralis,20
87,Polygonatum odoratum,0.5
87,Primula veris,0.1
87,Pulmonaria officinalis agg.,0.5
87,Quercus petraea agg.,62.6875
87,Silene nutans,0.5
87,Sorbus torminalis,0.1
87,Tanacetum corymbosum,0.1
87,Tilia cordata,3.485
87,Veronica chamaedrys agg.,0.5
87,Veronica officinalis,0.1
87,Vicia pisiformis,0.1
87,Viscaria vulgaris,3
89,Acer pseudoplatanus,0.1
89,Alliaria petiolata,0.5
89,Anthericum ramosum,0.5
89,Carex humilis,4
89,Carex muricata agg.,3
89,Carex praecox,0.5
89,Carpinus betulus,3.097
89,Chaerophyllum temulum,0.1
89,Crataegus monogyna s.lat.,3.097
89,Fallopia convolvulus,3
89,Festuca ovina,0.5
89,Galeopsis pubescens,3
89,Galeopsis tetrahit agg.,4
89,Galium aparine,3
89,Impatiens parviflora,3
89,Luzula campestris agg.,0.5
89,Poa nemoralis,4
89,Prunus avium,0.5
89,Prunus spinosa,0.1
89,Quercus petraea agg.,63.625
89,Ribes uva-crispa,0.1
89,Rosa,0.5
98,Astragalus glycyphyllos,0.1
98,Campanula persicifolia,0.1
98,Carex digitata,4
98,Carex montana,10
98,Carex muricata agg.,0.5
98,Carpinus betulus,0.1
98,Convallaria majalis,3
98,Digitalis grandiflora,0.5
98,Festuca ovina,0.5
98,Fragaria moschata,0.1
98,Galium aparine,0.1
98,Galium odoratum,0.1
98,Galium pumilum agg.,0.5
98,Genista tinctoria,0.1
98,Hieracium lachenalii,0.5
98,Hieracium murorum,0.5
98,Hieracium sabaudum s.lat.,3
98,Impatiens parviflora,0.5
98,Lathyrus niger,3
98,Lathyrus vernus,0.5
98,Loranthus europaeus,0.5
98,Luzula luzuloides,3
98,Melittis melissophyllum,0.1
98,Poa nemoralis,10
98,Prunus avium,0.1
98,Quercus petraea agg.,67.2625
98,Rosa,0.5
98,Scrophularia nodosa,0.1
98,Senecio viscosus,0.1
98,Tanacetum corymbosum,0.5
98,Tilia cordata,0.1
98,Vicia sepium,0.1
98,Viola reichenbachiana,0.5
99,Carex montana,4
99,Carex pilosa,37.5
99,Carpinus betulus,3
99,Convallaria majalis,37.5
99,Crataegus monogyna s.lat.,0.1
99,Festuca ovina,0.5
99,Galium aparine,0.5
99,Galium odoratum,3
99,Genista tinctoria,0.5
99,Hieracium lachenalii,3
99,Hieracium murorum,3
99,Impatiens parviflora,0.5
99,Lathyrus niger,3
99,Lathyrus vernus,3
99,Loranthus europaeus,0.1
99,Luzula luzuloides,3
99,Melampyrum arvense,3
99,Melica uniflora,3
99,Poa nemoralis,4
99,Poa pratensis agg.,0.5
99,Prunus spinosa,0.1
99,Quercus petraea agg.,66.25
99,Rosa,0.5
99,Sorbus torminalis,0.1
99,Tilia cordata,3
99,Trifolium alpestre,0.1
100,Acer platanoides,0.1
100,Allium senescens subsp. montanum,3
100,Anthericum ramosum,3
100,Calamagrostis arundinacea,0.1
100,Digitalis grandiflora,0.5
100,Festuca ovina,4
100,Galium aparine,0.1
100,Genista tinctoria,0.5
100,Hieracium lachenalii,0.5
100,Hieracium murorum,0.5
100,Hieracium sabaudum s.lat.,3
100,Hylotelephium telephium agg.,0.5
100,Loranthus europaeus,0.5
100,Luzula luzuloides,3
100,Melica uniflora,3
100,Poa nemoralis,3
100,Polygonatum odoratum,4
100,Quercus petraea agg.,62.5
100,Secale cereale,0.1
100,Senecio viscosus,0.5
100,Vincetoxicum hirundinaria,4
101,Acer campestre,0.5
101,Acer pseudoplatanus,0.5
101,Aegopodium podagraria,37.5
101,Ajuga reptans,0.5
101,Alliaria petiolata,0.1
101,Alnus glutinosa,37.5
101,Anemone nemorosa,0.5
101,Asarum europaeum,20
101,Brachypodium sylvaticum,0.5
101,Bromus ramosus agg.,0.5
101,Campanula rapunculoides,3
101,Corylus avellana,3
101,Equisetum arvense,0.5
101,Euonymus europaeus,0.5
101,Fragaria moschata,0.5
101,Fraxinus excelsior,38.1234375
101,Galeobdolon luteum agg.,0.5
101,Galium aparine,0.1
101,Galium odoratum,0.5
101,Geum urbanum,4
101,Heracleum sphondylium,0.1
101,Impatiens parviflora,3
101,Lysimachia nummularia,0.1
101,Maianthemum bifolium,0.5
101,Melica uniflora,0.1
101,Mercurialis perennis,0.1
101,Milium effusum,0.1
101,Polygonatum odoratum,0.1
101,Populus x canadensis,3.485
101,Pulmonaria officinalis agg.,4
101,Ranunculus acris,0.5
101,Rhamnus cathartica,0.1
101,Stellaria holostea,3
101,Tilia cordata,0.5
101,Urtica dioica,0.5
101,Veronica chamaedrys agg.,0.5
101,Viburnum opulus,0.1
101,Vicia sylvatica,0.5
101,Viola mirabilis,0.5
102,Acer campestre,0.5995
102,Acer platanoides,0.5
102,Acer pseudoplatanus,0.1
102,Aegopodium podagraria,0.5
102,Alliaria petiolata,0.5
102,Anemone nemorosa,0.5
102,Asarum europaeum,4
102,Brachypodium sylvaticum,0.5
102,Campanula persicifolia,0.1
102,Campanula rapunculoides,0.5
102,Campanula trachelium,0.5
102,Carex digitata,3
102,Carex pilosa,20
102,Carpinus betulus,64.71625
102,Clinopodium vulgare,0.5
102,Convallaria majalis,0.5
102,Corylus avellana,0.5
102,Crataegus monogyna s.lat.,0.1
102,Cyclamen purpurascens,0.5
102,Dactylis polygama,0.5
102,Euonymus europaeus,0.1
102,Euphorbia dulcis,0.5
102,Fragaria moschata,0.5
102,Galeobdolon luteum agg.,3
102,Galium aparine,0.5
102,Galium odoratum,0.5
102,Geranium robertianum,0.5
102,Geum urbanum,0.5
102,Hepatica nobilis,4
102,Hieracium murorum,0.1
102,Impatiens parviflora,0.5
102,Lapsana communis,0.5
102,Lathyrus vernus,0.5
102,Lysimachia nummularia,0.5
102,Melica uniflora,20
102,Moehringia trinervia,0.5
102,Mycelis muralis,0.5
102,Poa nemoralis,3
102,Pulmonaria officinalis agg.,3
102,Quercus petraea agg.,10
102,Quercus robur,20
102,Ribes uva-crispa,0.1
102,Rosa,0.1
102,Sambucus nigra,0.1
102,Stellaria holostea,0.5
102,Tilia cordata,0.5
102,Ulmus glabra,0.1
102,Veronica chamaedrys agg.,0.5
102,Veronica officinalis,0.1
102,Vicia sylvatica,0.1
102,Viola hirta,0.5
102,Viola reichenbachiana,0.5
103,Agrostis stolonifera,0.5
103,Alnus glutinosa,62.5
103,Arctium lappa,0.1
103,Berula erecta,10
103,Bidens frondosa,10
103,Brachypodium sylvaticum,0.1
103,Caltha palustris,10
103,Calystegia sepium,0.1
103,Carex acutiformis,3
103,Crataegus monogyna s.lat.,0.1
103,Deschampsia cespitosa,0.5
103,Euonymus europaeus,0.1
103,Ficaria verna,0.5
103,Galium aparine,0.1
103,Galium palustre agg.,0.5
103,Geum urbanum,0.1
103,Impatiens parviflora,0.5
103,Iris pseudacorus,3
103,Lactuca serriola,0.1
103,Lycopus europaeus,3
103,Lysimachia vulgaris,10
103,Mentha aquatica,3
103,Moehringia trinervia,0.1
103,Myosotis palustris agg.,3
103,Myosoton aquaticum,0.5
103,Persicaria mitis,0.5
103,Phalaris arundinacea,0.1
103,Poa palustris,0.5
103,Poa trivialis,0.1
103,Ranunculus auricomus agg.,0.1
103,Ranunculus repens,10
103,Ribes rubrum agg.,0.1
103,Rosa,0.1
103,Rumex obtusifolius,0.1
103,Sambucus nigra,0.1
103,Solanum dulcamara,3
103,Solidago canadensis,0.1
103,Sonchus oleraceus,0.1
103,Symphytum officinale agg.,0.1
103,Urtica dioica,3
103,Veronica beccabunga,0.5
104,Acer campestre,0.5
104,Acer pseudoplatanus,3.485
104,Aegopodium podagraria,0.1
104,Alnus glutinosa,64.036
104,Angelica sylvestris,0.5
104,Caltha palustris,0.5
104,Calystegia sepium,0.1
104,Carex acutiformis,4
104,Cirsium oleraceum,0.5
104,Clematis vitalba,0.1
104,Equisetum arvense,3
104,Euonymus europaeus,0.9975
104,Ficaria verna,0.1
104,Fraxinus excelsior,0.9975
104,Galeopsis,0.1
104,Galium aparine,0.1
104,Geranium robertianum,0.1
104,Geum urbanum,0.1
104,Impatiens parviflora,3
104,Lycopus europaeus,0.1
104,Lysimachia vulgaris,0.5
104,Mentha longifolia,0.5
104,Mycelis muralis,0.1
104,Prunus avium,0.1
104,Pulmonaria officinalis agg.,0.5
104,Ranunculus repens,0.5
104,Ribes rubrum agg.,0.9975
104,Rosa,0.1
104,Rubus caesius,0.5
104,Sambucus nigra,0.1
104,Scirpus sylvaticus,62.5
104,Solanum dulcamara,3
104,Sorbus aucuparia,0.1
104,Urtica dioica,0.5
104,Veronica beccabunga,0.1
104,Viburnum opulus,0.1
105,Acer campestre,3.097
105,Acer platanoides,0.5
105,Acer pseudoplatanus,39.678125
105,Asarum europaeum,20
105,Carpinus betulus,37.5
105,Chaerophyllum temulum,4
105,Cornus mas,0.9975
105,Crataegus monogyna s.lat.,0.5
105,Euonymus europaeus,0.5
105,Euonymus verrucosus,0.1
105,Fraxinus excelsior,0.9975
105,Galeobdolon luteum agg.,10
105,Galium aparine,0.1
105,Geranium robertianum,0.1
105,Geum urbanum,0.5
105,Impatiens parviflora,4
105,Lamium maculatum,10
105,Lonicera xylosteum,3
105,Moehringia trinervia,0.1
105,Polygonatum multiflorum,10
105,Pulmonaria officinalis agg.,10
105,Sambucus nigra,3.485
105,Ulmus glabra,0.9975
105,Viola hirta,0.5
106,Acer campestre,62.6875
106,Acer platanoides,0.5
106,Adoxa moschatellina,0.1
106,Aegopodium podagraria,0.1
106,Alliaria petiolata,0.1
106,Asarum europaeum,0.5
106,Carpinus betulus,0.5
106,Dryopteris filix-mas,0.5
106,Fagus sylvatica,0.1
106,Fraxinus excelsior,0.5
106,Galeobdolon luteum agg.,37.5
106,Geranium robertianum,0.1
106,Impatiens noli-tangere,37.5
106,Impatiens parviflora,0.1
106,Moehringia trinervia,0.1
106,Oxalis acetosella,0.5
106,Pulmonaria officinalis agg.,0.5
106,Quercus petraea agg.,0.5
106,Sambucus nigra,0.5
106,Stachys sylvatica,0.5
106,Stellaria holostea,3
106,Symphytum tuberosum,3
106,Ulmus glabra,3
106,Urtica dioica,0.5
107,Acer campestre,0.5
107,Acer pseudoplatanus,3.485
107,Aegopodium podagraria,0.5
107,Ajuga reptans,0.5
107,Anemone nemorosa,0.1
107,Asarum europaeum,0.5
107,Carpinus betulus,62.6875
107,Circaea lutetiana,0.5
107,Cyclamen purpurascens,0.1
107,Dryopteris filix-mas,0.1
107,Euphorbia dulcis,0.5
107,Festuca gigantea,0.1
107,Fragaria vesca,0.1
107,Galeobdolon luteum agg.,10
107,Galium aparine,0.5
107,Galium odoratum,20
107,Galium sylvaticum,0.1
107,Geranium robertianum,0.5
107,Geum urbanum,0.1
107,Impatiens noli-tangere,0.1
107,Impatiens parviflora,0.1
107,Melica uniflora,10
107,Oxalis acetosella,0.5
107,Paris quadrifolia,0.5
107,Primula veris,0.5
107,Pulmonaria officinalis agg.,3
107,Senecio nemorensis agg.,0.1
107,Silene latifolia,0.5
107,Stachys sylvatica,0.1
107,Stellaria holostea,20
107,Symphytum tuberosum,3
107,Tilia cordata,4.48
107,Ulmus glabra,3
107,Urtica dioica,0.1
107,Viola reichenbachiana,0.5
107,Viola riviniana,0.5
108,Acer campestre,0.1
108,Acer platanoides,10.53955
108,Acer pseudoplatanus,10.45
108,Actaea spicata,0.5
108,Anemone nemorosa,0.5
108,Asarum europaeum,3
108,Carex montana,0.1
108,Carpinus betulus,37.5625
108,Circaea lutetiana,0.5
108,Cyclamen purpurascens,0.1
108,Cystopteris fragilis,0.1
108,Dentaria bulbifera,0.1
108,Dryopteris filix-mas,37.5
108,Epilobium adenocaulon,0.5
108,Fagus sylvatica,0.5
108,Galeobdolon luteum agg.,3
108,Galium aparine,0.5
108,Geranium robertianum,3
108,Impatiens noli-tangere,0.5
108,Impatiens parviflora,0.5
108,Luzula luzuloides,0.5
108,Melica nutans,0.1
108,Melica uniflora,0.5
108,Moehringia trinervia,0.1
108,Mycelis muralis,0.5
108,Oxalis acetosella,0.5
108,Paris quadrifolia,0.5
108,Poa nemoralis,10
108,Pulmonaria officinalis agg.,0.5
108,Scrophularia nodosa,0.5
108,Senecio nemorensis agg.,0.5
108,Stellaria holostea,10
108,Tilia platyphyllos,0.5995
108,Ulmus glabra,0.5995
108,Viola mirabilis,0.1
108,Viola reichenbachiana,0.5
109,Acer campestre,0.5
109,Acer pseudoplatanus,0.5
109,Asarum europaeum,0.5
109,Brachypodium sylvaticum,0.5
109,Carex digitata,0.5
109,Carex pilosa,10
109,Carpinus betulus,37.5625
109,Cyclamen purpurascens,0.5
109,Cystopteris fragilis,0.5
109,Dryopteris filix-mas,3
109,Fraxinus excelsior,3
109,Galeobdolon luteum agg.,10
109,Galium aparine,0.5
109,Galium sylvaticum,3
109,Geranium robertianum,3
109,Hepatica nobilis,3
109,Hieracium lachenalii,0.1
109,Impatiens noli-tangere,0.5
109,Impatiens parviflora,0.1
109,Lonicera xylosteum,0.1
109,Luzula luzuloides,0.5
109,Maianthemum bifolium,0.5
109,Melica nutans,0.5
109,Mycelis muralis,0.5
109,Poa nemoralis,0.5
109,Polygonatum multiflorum,0.1
109,Prunus avium,0.5
109,Pulmonaria officinalis agg.,0.5
109,Quercus petraea agg.,20.08
109,Sambucus nigra,0.5
109,Sorbus aucuparia,0.5
109,Stellaria holostea,3
109,Symphytum tuberosum,0.5
109,Tilia cordata,0.5
109,Viola reichenbachiana,0.5
110,Acer campestre,10.09
110,Aegopodium podagraria,62.5
110,Ajuga reptans,0.5
110,Alliaria petiolata,0.5
110,Allium ursinum,0.5
110,Alnus glutinosa,37.5
110,Anemone,0.5
110,Anthriscus sylvestris,0.5
110,Arctium lappa,0.1
110,Arctium tomentosum,0.1
110,Bidens frondosa,0.1
110,Brachypodium sylvaticum,0.5
110,Cardamine impatiens,0.1
110,Chaerophyllum bulbosum,10
110,Cirsium oleraceum,0.5
110,Crataegus monogyna s.lat.,10
110,Dactylis polygama,0.1
110,Elymus caninus,0.5
110,Festuca gigantea,0.1
110,Ficaria verna,0.1
110,Galeobdolon luteum agg.,0.5
110,Galium aparine,0.5
110,Geum urbanum,0.5
110,Humulus lupulus,0.5
110,Impatiens noli-tangere,10
110,Impatiens parviflora,0.5
110,Lamium maculatum,0.1
110,Lysimachia nummularia,0.1
110,Moehringia trinervia,0.1
110,Myosoton aquaticum,0.5
110,Oxalis acetosella,0.1
110,Poa nemoralis,0.1
110,Prunus insititia,0.9975
110,Pulmonaria officinalis agg.,0.5
110,Ranunculus repens,0.5
110,Salix alba,0.1
110,Salix euxina,10
110,Sambucus nigra,0.5995
110,Scrophularia nodosa,0.5
110,Solanum dulcamara,0.5
110,Stachys sylvatica,0.5
110,Stellaria holostea,0.5
110,Symphytum officinale agg.,0.5
110,Symphytum tuberosum,0.5
110,Urtica dioica,10
111,Acer campestre,0.1
111,Acer platanoides,0.5995
111,Acer pseudoplatanus,0.9975
111,Adoxa moschatellina,0.1
111,Aegopodium podagraria,37.5
111,Alnus glutinosa,37.5
111,Asarum europaeum,20
111,Carex sylvatica,0.1
111,Carpinus betulus,0.1
111,Circaea lutetiana,0.5
111,Corylus avellana,0.1
111,Crepis paludosa,0.5
111,Euonymus europaeus,0.5
111,Festuca gigantea,0.5
111,Fraxinus excelsior,3.485
111,Galeobdolon luteum agg.,3
111,Galium aparine,0.1
111,Geranium phaeum,0.5
111,Geranium robertianum,0.5
111,Geum urbanum,0.5
111,Glechoma hirsuta,0.5
111,Impatiens noli-tangere,0.5
111,Impatiens parviflora,0.5
111,Lilium martagon,0.1
111,Melica uniflora,0.1
111,Mercurialis perennis,3
111,Myosoton aquaticum,0.5
111,Oxalis acetosella,0.5
111,Paris quadrifolia,10
111,Primula elatior,0.5
111,Pulmonaria officinalis agg.,0.5
111,Quercus petraea agg.,0.1
111,Ranunculus lanuginosus,0.5
111,Ribes uva-crispa,0.5
111,Sambucus nigra,0.5
111,Stachys sylvatica,10
111,Ulmus glabra,10.45
111,Urtica dioica,0.5
112,Acer campestre,0.5
112,Acer platanoides,0.5
112,Acer pseudoplatanus,0.5
112,Ajuga reptans,0.5
112,Anemone nemorosa,0.5
112,Asarum europaeum,0.5
112,Brachypodium sylvaticum,0.1
112,Bromus ramosus agg.,0.1
112,Campanula rapunculoides,0.5
112,Carex digitata,4
112,Carex pilosa,37.5
112,Carpinus betulus,62.8740625
112,Convallaria majalis,0.5
112,Crataegus monogyna s.lat.,0.5
112,Euonymus europaeus,0.1
112,Euonymus verrucosus,0.5
112,Euphorbia dulcis,0.5
112,Fagus sylvatica,0.5
112,Fragaria moschata,0.5
112,Fraxinus excelsior,0.5
112,Galium sylvaticum,0.5
112,Hepatica nobilis,10
112,Hieracium murorum,0.5
112,Hieracium sabaudum s.lat.,0.5
112,Knautia drymeia,4
112,Lathyrus niger,0.5
112,Lathyrus vernus,0.5
112,Melampyrum pratense,0.1
112,Melica nutans,0.5
112,Melittis melissophyllum,0.5
112,Phyteuma spicatum,3
112,Pimpinella major,0.5
112,Poa nemoralis,0.5
112,Polygonatum multiflorum,0.5
112,Primula veris,0.1
112,Prunus avium,0.5
112,Prunus spinosa,0.1
112,Pulmonaria officinalis agg.,3
112,Quercus petraea agg.,3.485
112,Ranunculus auricomus agg.,0.5
112,Ranunculus lanuginosus,0.5
112,Rosa,0.1
112,Stellaria holostea,0.5
112,Tanacetum corymbosum,0.1
112,Tilia cordata,3.581515
112,Viola mirabilis,0.5
112,Viola reichenbachiana,0.5
113,Acer pseudoplatanus,10.45
113,Aegopodium podagraria,4
113,Ajuga reptans,3
113,Alnus glutinosa,62.6875
113,Anemone nemorosa,0.1
113,Asarum europaeum,0.5
113,Brachypodium sylvaticum,0.1
113,Caltha palustris,0.5
113,Cardamine amara subsp. amara,0.5
113,Cardamine impatiens,0.1
113,Carex remota,3
113,Carex sylvatica,3
113,Carpinus betulus,0.5
113,Cirsium oleraceum,0.5
113,Cornus sanguinea,0.5
113,Crataegus monogyna s.lat.,0.1
113,Crepis paludosa,10
113,Euonymus europaeus,0.9975
113,Filipendula ulmaria,0.1
113,Fragaria moschata,0.1
113,Fraxinus excelsior,0.5
113,Galeobdolon luteum agg.,3
113,Galium aparine,0.1
113,Galium odoratum,10
113,Geranium phaeum,0.1
113,Geranium robertianum,0.1
113,Geum urbanum,0.5
113,Glechoma hirsuta,3
113,Impatiens parviflora,0.5
113,Lysimachia nummularia,0.5
113,Myosotis palustris agg.,20
113,Oxalis acetosella,0.5
113,Polygonatum multiflorum,0.1
113,Prunus padus subsp. padus,21.43
113,Pulmonaria officinalis agg.,0.5
113,Ranunculus lanuginosus,0.5
113,Ranunculus repens,0.5
113,Ribes uva-crispa,0.1
113,Rubus caesius,0.1
113,Rumex obtusifolius,0.1
113,Rumex sanguineus,0.5
113,Salix triandra,0.5
113,Sambucus nigra,10.45
113,Scrophularia umbrosa,0.5
113,Solanum dulcamara,3
113,Stachys sylvatica,10
113,Tilia cordata,0.5
113,Urtica dioica,0.5
113,Veronica beccabunga,0.5
113,Viburnum opulus,0.5
113,Viola reichenbachiana,0.1
114,Acer campestre,0.1
114,Acer platanoides,10.09
114,Acer pseudoplatanus,10
114,Actaea spicata,0.5
114,Asarum europaeum,0.5
114,Asplenium trichomanes,0.1
114,Corylus avellana,20
114,Cystopteris fragilis,0.5
114,Dryopteris filix-mas,10
114,Euonymus europaeus,0.5
114,Fraxinus excelsior,0.5
114,Galeobdolon luteum agg.,20
114,Impatiens noli-tangere,0.5
114,Impatiens parviflora,0.1
114,Lilium martagon,0.1
114,Polypodium vulgare agg.,0.1
114,Pulmonaria officinalis agg.,0.5
114,Ribes uva-crispa,4
114,Sambucus nigra,0.5995
114,Staphylea pinnata,20
114,Tilia cordata,0.5
114,Tilia platyphyllos,10
114,Ulmus glabra,37.8125
114,Urtica dioica,10
115,Acer campestre,3.097
115,Acer pseudoplatanus,39.375
115,Actaea spicata,0.5
115,Aegopodium podagraria,3
115,Alliaria petiolata,0.1
115,Asarum europaeum,0.5
115,Dryopteris filix-mas,3
115,Epilobium,0.1
115,Galeobdolon luteum agg.,4
115,Galium odoratum,10
115,Geranium robertianum,10
115,Geum urbanum,0.5
115,Glechoma hirsuta,0.1
115,Impatiens noli-tangere,10
115,Impatiens parviflora,10
115,Lamium maculatum,10
115,Mycelis muralis,0.5
115,Oxalis acetosella,0.5
115,Poa nemoralis,0.1
115,Polypodium vulgare agg.,3
115,Pulmonaria officinalis agg.,3
115,Sambucus nigra,10
115,Stellaria holostea,0.5
115,Symphytum tuberosum,0.5
115,Tilia platyphyllos,10.897749999999998
115,Ulmus glabra,10.45
115,Urtica dioica,4
115,Viola mirabilis,0.5
116,Acer platanoides,22.4776
116,Acer pseudoplatanus,22.4776
116,Aegopodium podagraria,3
116,Ajuga reptans,0.1
116,Asarum europaeum,0.5
116,Athyrium filix-femina,3
116,Carpinus betulus,0.5
116,Dryopteris filix-mas,3
116,Galeobdolon luteum agg.,20
116,Geranium robertianum,0.5
116,Impatiens noli-tangere,0.5
116,Impatiens parviflora,3
116,Lamium maculatum,4
116,Myosoton aquaticum,0.1
116,Oxalis acetosella,0.5
116,Poa nemoralis,0.1
116,Polypodium vulgare agg.,0.5
116,Pulmonaria officinalis agg.,0.5
116,Sambucus nigra,3.485
116,Tilia cordata,37.5
116,Tilia platyphyllos,0.5
116,Ulmus glabra,3.097
116,Urtica dioica,0.5
117,Acer campestre,0.5
117,Acer platanoides,0.5
117,Actaea spicata,0.1
117,Bromus ramosus agg.,0.5
117,Calamagrostis arundinacea,0.5
117,Campanula persicifolia,0.1
117,Campanula rapunculoides,0.5
117,Cardamine impatiens,0.5
117,Carex digitata,0.5
117,Carex muricata agg.,0.1
117,Carpinus betulus,3
117,Cystopteris fragilis,0.1
117,Dentaria bulbifera,3
117,Dryopteris filix-mas,4
117,Fragaria moschata,0.5
117,Fraxinus excelsior,0.5
117,Galeobdolon luteum agg.,3
117,Galium odoratum,10
117,Galium sylvaticum,0.5
117,Geranium robertianum,0.5
117,Hedera helix,0.5
117,Hepatica nobilis,0.5
117,Hieracium murorum,0.5
117,Impatiens parviflora,3
117,Knautia drymeia,0.1
117,Lathyrus vernus,0.5
117,Lonicera xylosteum,0.5
117,Luzula luzuloides,4
117,Melica nutans,4
117,Mercurialis perennis,10
117,Moehringia trinervia,0.5
117,Myosotis sylvatica,0.1
117,Poa nemoralis,0.5
117,Quercus petraea agg.,39.375
117,Stellaria holostea,0.5
117,Tilia cordata,44.03125
117,Urtica dioica,0.5
117,Viola reichenbachiana,0.5
118,Acer campestre,3
118,Acer platanoides,22.4
118,Acer pseudoplatanus,0.5
118,Carpinus betulus,20.4
118,Dentaria bulbifera,4
118,Dryopteris filix-mas,10
118,Galium odoratum,4
118,Impatiens noli-tangere,0.1
118,Impatiens parviflora,4
118,Melica uniflora,4
118,Poa nemoralis,3
118,Polypodium vulgare agg.,0.5
118,Quercus petraea agg.,0.9975
118,Ribes uva-crispa,0.5
118,Tilia cordata,13.6
119,Acer campestre,3.485
119,Acer platanoides,0.9975
119,Acer pseudoplatanus,0.1
119,Anemone nemorosa,0.5
119,Arabis pauciflora,0.5
119,Asplenium trichomanes,0.5
119,Brachypodium sylvaticum,4
119,Bromus ramosus agg.,0.1
119,Bupleurum falcatum,0.5
119,Calamagrostis arundinacea,0.5
119,Campanula persicifolia,0.5
119,Campanula rapunculoides,0.5
119,Campanula rotundifolia agg.,0.1
119,Campanula trachelium,0.1
119,Carex digitata,3
119,Carex michelii,3
119,Carex muricata agg.,0.5
119,Carpinus betulus,37.8746875
119,Cephalanthera longifolia,0.1
119,Clinopodium vulgare,0.1
119,Convallaria majalis,10
119,Cornus mas,3
119,Corylus avellana,0.5995
119,Crataegus monogyna s.lat.,0.1
119,Dactylis polygama,0.5
119,Daphne mezereum,0.1
119,Digitalis grandiflora,0.5
119,Euonymus verrucosus,3.485
119,Euphorbia cyparissias,0.5
119,Euphorbia dulcis,0.1
119,Fagus sylvatica,0.5
119,Fragaria vesca,0.5
119,Fraxinus excelsior,0.5
119,Galium mollugo agg.,0.5
119,Galium sylvaticum,0.1
119,Genista tinctoria,0.1
119,Glechoma hirsuta,0.5
119,Hepatica nobilis,3
119,Hieracium murorum,0.5
119,Hieracium sabaudum s.lat.,0.1
119,Hylotelephium telephium agg.,0.5
119,Hypericum montanum,0.1
119,Lathyrus niger,0.1
119,Lathyrus vernus,0.5
119,Ligustrum vulgare,0.5
119,Lilium martagon,0.5
119,Lonicera xylosteum,0.5
119,Melampyrum nemorosum,0.5
119,Melica nutans,3
119,Melittis melissophyllum,0.1
119,Mercurialis perennis,0.5
119,Myosotis sylvatica,0.1
119,Neottia nidus-avis,0.1
119,Peucedanum cervaria,0.1
119,Pilosella officinarum,0.5
119,Pimpinella major,0.5
119,Poa nemoralis,3
119,Poa pratensis agg.,0.5
119,Polygonatum odoratum,0.5
119,Polypodium vulgare agg.,4
119,Primula veris,3
119,Pulmonaria mollis,0.5
119,Quercus petraea agg.,0.5
119,Ranunculus bulbosus,0.5
119,Rhamnus cathartica,0.5
119,Rosa,0.1
119,Securigera varia,0.1
119,Silene nutans,0.5
119,Sorbus aucuparia,0.1
119,Sorbus torminalis,4.48
119,Stellaria holostea,0.5
119,Tanacetum corymbosum,0.5
119,Taraxacum sect. Taraxacum,0.1
119,Teucrium chamaedrys,0.5
119,Tilia cordata,22.4
119,Veronica chamaedrys agg.,3
119,Vicia pisiformis,0.1
119,Vincetoxicum hirundinaria,0.5
119,Viola hirta,0.5
119,Viola mirabilis,0.5
120,Acer campestre,4
120,Acer platanoides,0.1
120,Acer pseudoplatanus,0.5
120,Aegopodium podagraria,3
120,Ajuga reptans,0.1
120,Anemone nemorosa,0.5
120,Asarum europaeum,10
120,Brachypodium sylvaticum,0.5
120,Bromus ramosus agg.,0.1
120,Campanula rapunculoides,0.5
120,Carex digitata,0.1
120,Carex pilosa,37.5
120,Carex sylvatica,0.5
120,Carpinus betulus,37.8125
120,Chaerophyllum aromaticum,0.1
120,Convallaria majalis,0.5
120,Elymus caninus,0.5
120,Euonymus europaeus,0.5
120,Euphorbia dulcis,0.5
120,Fraxinus excelsior,10.45
120,Galeobdolon luteum agg.,3
120,Galium odoratum,3
120,Geranium phaeum,0.5
120,Geum urbanum,0.1
120,Hepatica nobilis,3
120,Heracleum sphondylium,0.1
120,Lamium maculatum,0.5
120,Lathyrus vernus,0.5
120,Lilium martagon,0.5
120,Maianthemum bifolium,0.5
120,Oxalis acetosella,3
120,Paris quadrifolia,3
120,Peucedanum cervaria,0.1
120,Polygonatum multiflorum,3
120,Populus tremula,0.5
120,Primula elatior,0.5
120,Pulmonaria officinalis agg.,10
120,Ranunculus lanuginosus,0.5
120,Stellaria holostea,0.5
120,Symphytum tuberosum,0.5
120,Vicia sylvatica,0.1
120,Viola hirta,0.1
120,Viola mirabilis,0.5
120,Viola reichenbachiana,0.5
121,Acer campestre,13.6
121,Acer platanoides,0.5995
121,Alliaria petiolata,0.1
121,Allium oleraceum,0.1
121,Anthericum ramosum,3
121,Brachypodium sylvaticum,0.5
121,Bromus ramosus agg.,0.5
121,Bupleurum falcatum,0.5
121,Campanula rapunculoides,0.1
121,Carex digitata,4
121,Carex michelii,20
121,Carpinus betulus,39.435625
121,Cephalanthera damasonium,0.1
121,Cephalanthera rubra,0.1
121,Clinopodium vulgare,0.5
121,Convallaria majalis,20
121,Crataegus monogyna s.lat.,0.1
121,Elymus caninus,0.5
121,Euonymus verrucosus,0.5
121,Fragaria moschata,0.1
121,Fragaria vesca,0.5
121,Fraxinus excelsior,0.9975
121,Galium aparine,0.1
121,Galium odoratum,0.5
121,Geum urbanum,0.5
121,Hedera helix,0.1
121,Hepatica nobilis,0.5
121,Hylotelephium telephium agg.,0.5
121,Lonicera xylosteum,0.9975
121,Melica nutans,3
121,Melica uniflora,3
121,Neottia nidus-avis,0.1
121,Polygonatum odoratum,10
121,Prunus avium,0.1
121,Quercus petraea agg.,3.485
121,Rhamnus cathartica,0.1
121,Sorbus torminalis,0.1
121,Stellaria holostea,3
121,Tilia platyphyllos,0.1
121,Vincetoxicum hirundinaria,0.5
121,Viola hirta,0.5
121,Viola mirabilis,0.5
122,Acer campestre,4
122,Acer platanoides,3.485
122,Acer pseudoplatanus,20
122,Actaea spicata,10
122,Aegopodium podagraria,0.1
122,Asarum europaeum,3
122,Asplenium trichomanes,0.5
122,Campanula rapunculoides,0.1
122,Campanula trachelium,0.1
122,Carpinus betulus,5.91
122,Corylus avellana,0.5
122,Cystopteris fragilis,0.5
122,Euonymus europaeus,0.5
122,Euonymus verrucosus,3
122,Fraxinus excelsior,39.678125
122,Galeobdolon luteum agg.,3
122,Galeopsis pubescens,0.1
122,Galium sylvaticum,0.5
122,Geranium robertianum,0.1
122,Hepatica nobilis,3
122,Heracleum sphondylium,0.1
122,Impatiens noli-tangere,0.1
122,Impatiens parviflora,0.5
122,Lathyrus vernus,0.5
122,Lilium martagon,0.1
122,Lonicera xylosteum,0.9975
122,Lunaria rediviva,37.5
122,Maianthemum bifolium,0.1
122,Mercurialis perennis,3
122,Mycelis muralis,0.1
122,Oxalis acetosella,0.5
122,Paris quadrifolia,0.1
122,Polygonatum multiflorum,3
122,Polypodium vulgare agg.,0.5
122,Pulmonaria officinalis agg.,0.5
122,Ranunculus lanuginosus,0.1
122,Ribes uva-crispa,3.485
122,Stellaria holostea,0.1
122,Ulmus glabra,3.485
122,Viola mirabilis,0.1
123,Acer campestre,0.9975
123,Acer platanoides,0.9975
123,Acer pseudoplatanus,20.479599999999998
123,Aconitum lycoctonum,4
123,Alliaria petiolata,0.5
123,Asplenium trichomanes,0.1
123,Campanula persicifolia,0.1
123,Cardamine impatiens,0.1
123,Carex digitata,0.5
123,Carex muricata agg.,0.5
123,Carpinus betulus,0.1
123,Chaerophyllum temulum,0.5
123,Convallaria majalis,0.5
123,Corylus avellana,0.1
123,Dentaria bulbifera,3
123,Epipactis,0.1
123,Euonymus europaeus,0.5
123,Fagus sylvatica,44.03125
123,Fraxinus excelsior,39.375
123,Galeobdolon luteum agg.,3
123,Galium aparine,0.1
123,Galium odoratum,10
123,Galium sylvaticum,0.5
123,Geranium robertianum,0.5
123,Geum urbanum,0.1
123,Hepatica nobilis,0.5
123,Impatiens parviflora,4
123,Lamium maculatum,10
123,Lathyrus vernus,0.5
123,Maianthemum bifolium,0.5
123,Mercurialis perennis,3
123,Moehringia trinervia,0.5
123,Myosotis sylvatica,0.1
123,Omphalodes scorpioides,0.5
123,Poa nemoralis,0.1
123,Polygonatum multiflorum,0.5
123,Prunus avium,0.5
123,Pulmonaria officinalis agg.,0.5
123,Ranunculus lanuginosus,0.1
123,Ribes uva-crispa,0.5
123,Sambucus nigra,3.097
123,Stellaria holostea,10
123,Ulmus glabra,10.45
123,Urtica dioica,0.5
123,Viola hirta,0.5
123,Viola mirabilis,0.1
124,Acer campestre,3.485
124,Acer platanoides,0.5
124,Acer pseudoplatanus,3.485
124,Anemone nemorosa,0.5
124,Brachypodium sylvaticum,3
124,Bromus ramosus agg.,0.5
124,Campanula persicifolia,0.5
124,Campanula trachelium,0.5
124,Carex digitata,4
124,Carex pilosa,37.5
124,Carpinus betulus,37.8125
124,Clinopodium vulgare,0.5
124,Cornus sanguinea,0.5
124,Crataegus monogyna s.lat.,0.19990000000000002
124,Dactylis polygama,0.5
124,Dentaria bulbifera,0.5
124,Digitalis grandiflora,0.5
124,Elymus caninus,0.5
124,Euonymus europaeus,0.5
124,Euonymus verrucosus,3
124,Fagus sylvatica,0.5995
124,Fragaria vesca,0.5
124,Fraxinus excelsior,5.91
124,Galium odoratum,0.5
124,Galium sylvaticum,3
124,Geum urbanum,0.1
124,Hepatica nobilis,3
124,Hieracium murorum,0.1
124,Lathyrus niger,0.5
124,Lathyrus vernus,0.5
124,Lilium martagon,0.1
124,Lonicera xylosteum,0.1
124,Melampyrum nemorosum,3
124,Melica nutans,0.5
124,Melica uniflora,10
124,Melittis melissophyllum,0.5
124,Mercurialis perennis,3
124,Neottia nidus-avis,0.1
124,Poa nemoralis,4
124,Prunus avium,0.5
124,Pulmonaria officinalis agg.,0.5
124,Sanicula europaea,0.5
124,Sorbus torminalis,3
124,Stellaria holostea,0.5
124,Tilia platyphyllos,0.5
124,Ulmus glabra,0.5
124,Veronica chamaedrys agg.,0.1
124,Vincetoxicum hirundinaria,0.5
124,Viola mirabilis,0.1
124,Viola riviniana,0.5
125,Acer campestre,0.9975
125,Acer platanoides,0.5
125,Acer pseudoplatanus,23.584
125,Aegopodium podagraria,37.5
125,Ajuga reptans,0.5
125,Alliaria petiolata,0.5
125,Alnus glutinosa,37.5625
125,Asarum europaeum,3
125,Brachypodium sylvaticum,0.1
125,Campanula trachelium,0.5
125,Carpinus betulus,4.096
125,Chaerophyllum aromaticum,0.1
125,Equisetum arvense,0.1
125,Euonymus europaeus,0.5995
125,Festuca gigantea,0.1
125,Filipendula ulmaria,0.5
125,Fraxinus excelsior,4.48
125,Galeobdolon luteum agg.,20
125,Galium aparine,0.1
125,Geum urbanum,0.5
125,Impatiens noli-tangere,10
125,Impatiens parviflora,3
125,Lamium maculatum,20
125,Moehringia trinervia,0.1
125,Myosoton aquaticum,37.5
125,Pulmonaria officinalis agg.,3
125,Ranunculus repens,0.1
125,Rubus caesius,0.1
125,Sambucus nigra,0.5995
125,Stachys sylvatica,10
125,Stellaria holostea,0.5
125,Ulmus glabra,0.9975
125,Urtica dioica,10
125,Viola reichenbachiana,0.1
126,Abies alba,0.1
126,Acer campestre,0.9975
126,Acer pseudoplatanus,40
126,Ajuga reptans,0.5
126,Alliaria petiolata,0.5
126,Anemone,0.1
126,Asarum europaeum,3
126,Athyrium filix-femina,0.5
126,Campanula persicifolia,0.1
126,Campanula trachelium,0.5
126,Cardamine impatiens,0.5
126,Carex digitata,3
126,Carpinus betulus,37.8125
126,Dactylis polygama,0.5
126,Dryopteris filix-mas,10
126,Fraxinus excelsior,0.5
126,Galeobdolon luteum agg.,20
126,Galium odoratum,10
126,Geranium robertianum,3
126,Geum urbanum,0.1
126,Impatiens noli-tangere,0.1
126,Impatiens parviflora,4
126,Melica nutans,0.5
126,Moehringia trinervia,0.5
126,Mycelis muralis,0.5
126,Myosotis sylvatica,0.1
126,Oxalis acetosella,0.5
126,Poa nemoralis,0.5
126,Pulmonaria officinalis agg.,3
126,Quercus petraea agg.,0.9975
126,Rubus caesius,0.5
126,Sambucus nigra,0.5
126,Senecio nemorensis agg.,0.1
126,Urtica dioica,0.5
126,Viola reichenbachiana,0.5
127,Aegopodium podagraria,0.5
127,Aesculus hippocastanum,0.1
127,Ajuga reptans,0.5
127,Alliaria petiolata,0.5
127,Alnus glutinosa,66.25
127,Anemone,0.1
127,Athyrium filix-femina,3
127,Bidens frondosa,0.5
127,Brachypodium sylvaticum,3
127,Caltha palustris,0.5
127,Cardamine amara subsp. amara,0.5
127,Carex acutiformis,20
127,Carex remota,3
127,Carpinus betulus,0.5995
127,Chrysosplenium alternifolium,0.1
127,Circaea x intermedia,3
127,Corylus avellana,0.1
127,Crepis paludosa,0.5
127,Epilobium roseum,0.5
127,Equisetum arvense,0.5
127,Euonymus europaeus,0.1
127,Eupatorium cannabinum,0.5
127,Fagus sylvatica,0.5
127,Festuca gigantea,3
127,Filipendula ulmaria,0.5
127,Fragaria moschata,0.5
127,Frangula alnus,0.5
127,Fraxinus excelsior,0.5
127,Galeobdolon luteum agg.,0.1
127,Galeopsis speciosa,0.1
127,Galium aparine,0.1
127,Geranium palustre,0.5
127,Geranium robertianum,0.5
127,Geum urbanum,0.5
127,Glechoma hederacea,0.5
127,Impatiens noli-tangere,3
127,Impatiens parviflora,0.5
127,Juncus effusus,0.5
127,Lycopus europaeus,0.5
127,Lysimachia nummularia,0.5
127,Lysimachia vulgaris,4
127,Maianthemum bifolium,0.1
127,Mentha longifolia,0.5
127,Moehringia trinervia,0.5
127,Mycelis muralis,0.5
127,Myosotis palustris agg.,4
127,Oxalis acetosella,0.5
127,Persicaria lapathifolia,0.5
127,Prunus avium,0.5
127,Quercus petraea agg.,0.1
127,Ranunculus acris,0.1
127,Ranunculus lanuginosus,0.1
127,Ranunculus repens,3
127,Rubus fruticosus agg.,3
127,Rubus idaeus,10
127,Rumex sanguineus,0.5
127,Sambucus nigra,10
127,Scirpus sylvaticus,20
127,Solanum dulcamara,3
127,Sorbus aucuparia,0.1
127,Stachys sylvatica,3
127,Taraxacum sect. Palustria,0.1
127,Urtica dioica,0.5
127,Veronica beccabunga,0.5
127,Viburnum opulus,0.9975
127,Vicia sepium,0.1
127,Viola riviniana,0.5
128,Acer pseudoplatanus,37.8125
128,Actaea spicata,0.5
128,Asarum europaeum,3
128,Asplenium trichomanes,0.5
128,Campanula rapunculoides,0.5
128,Corylus avellana,40
128,Cystopteris fragilis,0.1
128,Dryopteris filix-mas,0.5
128,Fagus sylvatica,20.798
128,Fraxinus excelsior,0.1
128,Galeobdolon luteum agg.,0.5
128,Galium odoratum,3
128,Galium sylvaticum,0.1
128,Geranium robertianum,0.1
128,Hepatica nobilis,0.5
128,Impatiens noli-tangere,0.5
128,Impatiens parviflora,0.1
128,Lathyrus vernus,0.5
128,Lilium martagon,0.1
128,Lunaria rediviva,62.5
128,Mercurialis perennis,0.5
128,Oxalis acetosella,0.5
128,Pulmonaria officinalis agg.,0.5
128,Ribes uva-crispa,0.5
128,Sambucus nigra,4
128,Tilia platyphyllos,3
128,Ulmus glabra,0.5
128,Urtica dioica,0.5
129,Abies alba,0.1
129,Acer campestre,0.9975
129,Acer platanoides,0.5
129,Acer pseudoplatanus,10.09
129,Adoxa moschatellina,0.1
129,Aegopodium podagraria,37.5
129,Aesculus hippocastanum,4
129,Agrostis stolonifera,0.1
129,Ajuga reptans,0.5
129,Alliaria petiolata,0.1
129,Alnus glutinosa,37.5
129,Athyrium filix-femina,3
129,Brachypodium sylvaticum,0.5
129,Cardamine amara subsp. amara,0.1
129,Carex sylvatica,0.1
129,Carpinus betulus,0.1
129,Chaerophyllum hirsutum,4
129,Chelidonium majus,0.1
129,Corylus avellana,0.1
129,Crepis paludosa,3
129,Cystopteris fragilis,0.1
129,Dentaria bulbifera,0.1
129,Dryopteris filix-mas,0.5
129,Equisetum arvense,0.5
129,Festuca gigantea,0.1
129,Filipendula ulmaria,3
129,Fraxinus excelsior,39.435625
129,Galeobdolon luteum agg.,3
129,Geranium phaeum,0.5
129,Geum urbanum,0.5
129,Glechoma hederacea,3
129,Impatiens noli-tangere,0.5
129,Impatiens parviflora,0.1
129,Myosoton aquaticum,20
129,Oxalis acetosella,0.5
129,Primula elatior,4
129,Pulmonaria officinalis agg.,0.5
129,Ranunculus lanuginosus,3
129,Sambucus nigra,0.5
129,Stachys sylvatica,0.5
129,Ulmus glabra,7.3456
129,Urtica dioica,0.5
129,Viburnum opulus,0.5
130,Acer campestre,0.1
130,Acer platanoides,10.09
130,Acer pseudoplatanus,39.375
130,Alliaria petiolata,0.5
130,Asarum europaeum,0.5
130,Cardamine impatiens,0.1
130,Carpinus betulus,3
130,Corylus avellana,3
130,Dryopteris filix-mas,0.5
130,Euonymus verrucosus,0.5
130,Fraxinus excelsior,37.5625
130,Galeobdolon luteum agg.,0.1
130,Galium odoratum,0.1
130,Geranium robertianum,0.1
130,Glechoma hederacea,0.5
130,Impatiens noli-tangere,3
130,Impatiens parviflora,3
130,Lamium maculatum,10
130,Lunaria rediviva,62.5
130,Melica uniflora,0.1
130,Oxalis acetosella,0.1
130,Polypodium vulgare agg.,0.5
130,Pulmonaria officinalis agg.,0.5
130,Ribes uva-crispa,0.5
130,Sambucus nigra,0.5
130,Sambucus racemosa,0.5
130,Stellaria holostea,3
130,Tilia platyphyllos,3
130,Ulmus glabra,13.1365
130,Urtica dioica,3
131,Aegopodium podagraria,0.5
131,Agrostis stolonifera,3
131,Ajuga reptans,0.5
131,Alnus glutinosa,37.8125
131,Alnus incana,39.435625
131,Angelica sylvestris,0.5
131,Athyrium filix-femina,0.5
131,Brachypodium sylvaticum,10
131,Caltha palustris,0.5
131,Cardamine amara subsp. amara,0.5
131,Carduus crispus,0.1
131,Carex muricata agg.,4
131,Carex remota,20
131,Chaerophyllum hirsutum,20
131,Chrysosplenium alternifolium,0.5
131,Cirsium palustre,0.1
131,Crepis paludosa,3
131,Daphne mezereum,0.1
131,Deschampsia cespitosa,4
131,Dryopteris dilatata,3
131,Epilobium roseum,0.5
131,Equisetum arvense,0.5
131,Equisetum sylvaticum,0.5
131,Fagus sylvatica,0.1
131,Festuca gigantea,3
131,Ficaria calthifolia,0.1
131,Filipendula ulmaria,0.1
131,Galeopsis pubescens,0.1
131,Galium palustre agg.,0.5
131,Geranium robertianum,0.1
131,Geum urbanum,0.5
131,Glyceria fluitans,0.5
131,Impatiens noli-tangere,3
131,Impatiens parviflora,0.1
131,Juncus effusus,0.5
131,Lycopus europaeus,0.5
131,Lysimachia nummularia,0.5
131,Lysimachia vulgaris,3
131,Mentha aquatica,3
131,Myosotis palustris agg.,3
131,Oxalis acetosella,0.5
131,Persicaria lapathifolia,0.5
131,Poa palustris,0.5
131,Ranunculus auricomus agg.,0.1
131,Ranunculus repens,0.5
131,Rubus fruticosus agg.,0.5
131,Rubus idaeus,0.1
131,Rumex obtusifolius,3
131,Scrophularia nodosa,0.5
131,Scutellaria galericulata,0.5
131,Senecio nemorensis agg.,0.5
131,Silene nutans,0.5
131,Solanum dulcamara,37.5
131,Stachys sylvatica,0.5
131,Stellaria alsine,0.5
131,Stellaria holostea,0.5
131,Taraxacum sect. Palustria,0.5
131,Urtica dioica,3
131,Valeriana dioica,3
131,Veronica beccabunga,0.5
131,Veronica chamaedrys agg.,0.1
131,Viola riviniana,0.1
132,Acer pseudoplatanus,0.9975
132,Aegopodium podagraria,0.5
132,Agrostis stolonifera,0.5
132,Ajuga reptans,3
132,Alchemilla vulgaris s.lat.,0.1
132,Alnus glutinosa,37.8125
132,Alnus incana,10.09
132,Athyrium filix-femina,3
132,Caltha palustris,0.5
132,Cardamine amara subsp. amara,0.5
132,Carex acutiformis,20
132,Carex muricata agg.,0.5
132,Carex remota,3
132,Carpinus betulus,0.1
132,Chaerophyllum hirsutum,3
132,Chrysosplenium alternifolium,0.5
132,Crepis paludosa,0.5
132,Dryopteris dilatata,0.5
132,Epilobium roseum,0.5
132,Equisetum arvense,0.5
132,Euonymus europaeus,0.5
132,Eupatorium cannabinum,0.5
132,Euphorbia dulcis,0.5
132,Festuca gigantea,0.5
132,Filipendula ulmaria,3
132,Fraxinus excelsior,0.9975
132,Galeobdolon luteum agg.,0.1
132,Galeopsis pubescens,0.5
132,Galium aparine,0.5
132,Galium palustre agg.,0.9975
132,Geranium palustre,0.5
132,Geranium robertianum,0.5
132,Geum urbanum,0.1
132,Impatiens noli-tangere,3
132,Impatiens parviflora,0.5
132,Juncus effusus,10
132,Knautia drymeia,0.1
132,Lonicera xylosteum,0.1
132,Lycopus europaeus,3
132,Lysimachia nummularia,0.5
132,Lysimachia vulgaris,4
132,Lythrum salicaria,3
132,Mentha aquatica,0.5
132,Myosotis palustris agg.,3
132,Myosoton aquaticum,4
132,Oxalis acetosella,0.5
132,Paris quadrifolia,0.1
132,Persicaria lapathifolia,0.1
132,Picea abies,0.19990000000000002
132,Poa nemoralis,0.5
132,Poa palustris,0.5
132,Primula elatior,0.5
132,Pulmonaria officinalis agg.,0.5
132,Ranunculus repens,3
132,Rubus fruticosus agg.,0.5
132,Rubus idaeus,5.91
132,Rumex obtusifolius,0.5
132,Salix caprea,0.5
132,Sambucus nigra,3
132,Sambucus racemosa,0.1
132,Scirpus sylvaticus,0.5
132,Scutellaria galericulata,3
132,Silene nutans,0.5
132,Solanum dulcamara,10
132,Sorbus aucuparia,0.1
132,Stachys sylvatica,3
132,Stellaria holostea,0.5
132,Taraxacum sect. Palustria,0.5
132,Urtica dioica,10
132,Veronica beccabunga,3
132,Viburnum opulus,0.5
132,Viola reichenbachiana,0.1
